Token;English;Russian;German;Spanish;Czech;Dutch;French;Japanese;Korean;Polish;Portuguese_Brazilian;Turkish;Ukrainian;Chinese;Chinese_Trad
seasons_season_spring_name;Spring;Весна;Frühling;Primavera;Jaro;Lente;Printemps;春;봄;Wiosna;Primavera;İlkbahar;Весна;春天;春天
seasons_season_summer_name;Summer;Лето;Sommer;Verano;Léto;Zomer;Été;夏;여름;Lato;Verão;Yaz;Літо;夏天;夏天
seasons_season_fall_name;Autumn;Осень;Herbst;Otoño;Podzim;Herfst;Automne;秋;가을;Jesień;Outono;Sonbahar;Осінь;秋天;秋天
seasons_season_winter_name;Winter;Зима;Winter;Invierno;Zima;Winter;Hiver;冬;겨울;Zima;Inverno;Kış;Зима;冬天;冬天
seasons_season_spring_is_coming;Spring is coming;Скоро весна;Der Frühling kündigt sich an;La primavera se acerca;Jaro se blíží;De lente nadert;Le printemps s’annonce;春が近づいている;봄이 다가온다;Zbliża się wiosna;A primavera se aproxima;Bahar yaklaşıyor;Скоро весна;春天将至;春天將至
seasons_season_summer_is_coming;Summer is approaching;Близится лето;Der Sommer steht kurz bevor;El verano está por llegar;Léto se blíží;De zomer staat voor de deur;L’été arrive bientôt;夏がやって来る;여름이 다가온다;Zbliża się lato;O verão se aproxima;Yaz yaklaşıyor;Близиться літо;夏天将至;夏天將至
seasons_season_fall_is_coming;Autumn is on its way;Наступает осень;Der Herbst steht vor der Tür;El otoño se acerca;Podzim přichází;De herfst nadert;L’automne approche;秋が近づいている;가을이 다가온다;Zbliża się jesień;O outono se aproxima;Sonbahar yaklaşıyor;Наближається осінь;秋天将至;秋天將至
seasons_season_winter_is_coming;Winter draws near;Зима близко;Der Winter naht;El invierno se acerca;Zima se blíží;De winter nadert;L’hiver approche;冬が近づいている;겨울이 다가온다;Zbliża się zima;O inverno se aproxima;Kış yaklaşıyor;Зима близько;冬天将至;冬天將至
seasons_season_spring_has_come;Spring awakens;Весна пришла;Frühlingsbeginn;La primavera ha llegado;Jaro přišlo;De lente is aangebroken;Le printemps est arrivé;春が来た;봄이 왔다;Nadeszła wiosna;A primavera chegou;Bahar geldi;Весна прийшла;春天来了;春天來了
seasons_season_summer_has_come;Summer rises;Наступило лето;Sommeranfang;El verano ha comenzado;Léto začalo;De zomer is begonnen;L’été est arrivé;夏が来た;여름이 왔다;Nadeszło lato;O verão chegou;Yaz geldi;Настало літо;夏天来了;夏天來了
seasons_season_fall_has_come;Autumn has arrived;В воздухе пахнет осенью;Herbstbeginn;El otoño ha llegado;Podzim nastal;De herfst is begonnen;L’automne est arrivé;秋が来た;가을이 왔다;Nadeszła jesień;O outono chegou;Sonbahar geldi;У повітрі пахне осінню;秋天来了;秋天來了
seasons_season_winter_has_come;Winter has come;Настала пора морозов;Wintereinbruch;El invierno ha llegado;Zima nastala;De winter is begonnen;L’hiver est arrivé;冬が来た;겨울이 왔다;Nadeszła zima;O inverno chegou;Kış geldi;Настала пора морозів;冬天来了;冬天來了
seasons_plant_frost_resistant;Frost resistant;Устойчиво к морозу;Frostbeständig;Resistente a las heladas;Odolné vůči mrazu;Vorstbestendig;Résistant au gel;耐霜性がある;서리에 강하다;Odporne na mróz;Resistente à geada;Donmaya dayanıklı;Стійке до морозу;耐霜;耐霜
seasons_plant_heat_protected;Protected by heat source;Защищено источником тепла;Durch Wärmequelle geschützt;Protegido por una fuente de calor;Chráněno zdrojem tepla;Beschermd door warmtebron;Protégé par une source de chaleur;熱源で保護されている;열원으로 보호됨;Chronione przez źródło ciepła;Protegido por fonte de calor;Isı kaynağı ile korunuyor;Захищено джерелом тепла;受热源保护;受熱源保護
seasons_plant_survived_winter;Survived this winter;Пережило эту зиму;Diesen Winter überlebt;Sobrevivió este invierno;Přežilo tuto zimu;Deze winter overleefd;A survécu à cet hiver;この冬を生き延びた;이번 겨울을 견뎌냈다;Przetrwało tę zimę;Sobreviveu a este inverno;Bu kışı atlattı;Пережило цю зиму;熬过了这个冬天;熬過了這個冬天
seasons_plant_is_freezing;Freezing;Замерзает;Friert ein;Se está congelando;Mrzne;Bevriest;Est en train de geler;凍りついている;얼어가고 있다;Zamarza;Está congelando;Donuyor;Замерзає;正在结冰;正在結冰
seasons_plant_is_frozen;Frozen;Замерзло;Gefroren;Congelado;Zamrzlý;Bevroren;Gelé;凍った;얼어붙음;Zamarznięte;Congelado;Donmuş;Замерзло;冻结;凍結
seasons_plant_is_exposed;Exposed to cold;Подвержено холоду;Kälte ausgesetzt;Expuesto al frío;Vystaveno chladu;Blootgesteld aan kou;Exposé au froid;寒さにさらされている;추위에 노출됨;Narażone na zimno;Exposto ao frio;Soğuğa maruz;Піддається холоду;暴露在寒冷中;暴露在寒冷中
seasons_plant_will_perish;Will soon perish;Скоро погибнет;Wird bald vergehen;Pronto perecerá;Brzy zahyne;Zal spoedig vergaan;Va bientôt périr;まもなく枯れる;곧 시들 것이다;Wkrótce zginie;Em breve perecerá;Yakında yok olacak;Скоро загине;即将凋零;即將凋零
seasons_ice_floe_climb;Climb;Залезть;Hinaufklettern;Subir;Vylézt;Klimmen;Grimper;よじ登る;기어오르기;Wspiąć się;Escalar;Tırman;Вилізти;攀上;攀上
seasons_status_overheat_name;Overheating;Перегрев;Überhitzung;Sobrecalentamiento;Přehřátí;Oververhitting;Surchauffe;オーバーヒート;과열;Przegrzanie;Superaquecimento;Aşırı ısınma;Перегрів;过热;過熱
seasons_status_overheat_description;Warm clothes in summer cause overheating.;Тёплая одежда в жару вызывает перегрев.;Warme Kleidung im Sommer verursacht Überhitzung.;La ropa abrigada en verano causa sobrecalentamiento.;Teplé oblečení v létě způsobuje přehřátí.;Warme kleding in de zomer veroorzaakt oververhitting.;Les vêtements chauds en été provoquent une surchauffe.;夏に暖かい服を着るとオーバーヒートする。;여름에 따뜻한 옷은 과열을 일으킨다.;Ciepłe ubrania latem powodują przegrzanie.;Roupas quentes no verão causam superaquecimento.;Yazın sıcak giysiler aşırı ısınmaya neden olur.;Теплий одяг у спеку викликає перегрів.;夏天穿厚衣会导致过热。;夏天穿厚衣會導致過熱。
seasons_status_overheat_message;You are too warm;Тебе слишком жарко;Dir ist zu warm.;Tienes demasiado calor.;Je ti příliš teplo;Je hebt het te warm.;Tu as trop chaud;暑すぎる。;너무 덥다.;Jest ci za gorąco.;Você está com muito calor;Çok sıcakladın;Тобі надто спекотно;你太热了。;你太熱了。
seasons_loadscreen_tip_ice;By mid-winter the sea is covered with ice and boats become useless.;К середине зимы море покроется льдом, и лодки станут бесполезны.;Bis Mitte des Winters ist das Meer mit Eis bedeckt und Boote werden nutzlos.;A mediados del invierno, el mar se cubre de hielo y los barcos se vuelven inútiles.;Do poloviny zimy je moře pokryto ledem a lodě jsou k ničemu.;Halverwege de winter is de zee bedekt met ijs en zijn boten nutteloos.;À la mi-hiver, la mer est couverte de glace et les bateaux deviennent inutiles.;冬の中頃には海が氷に覆われ、ボートは使えなくなる。;한겨울이 되면 바다는 얼음으로 덮이고 배는 쓸모없어진다.;W połowie zimy morze pokrywa się lodem, a łodzie stają się bezużyteczne.;No meio do inverno, o mar fica coberto de gelo e os barcos tornam-se inúteis.;Kış ortasında deniz buzla kaplanır ve tekneler işe yaramaz hale gelir.;До середини зими море вкриється кригою, і човни стануть марними.;到冬季中期，大海被冰覆盖，船只将失去作用。;到冬季中期，大海被冰覆蓋，船隻將失去作用。
seasons_loadscreen_tip_torch;A torch can warm you in winter and can be a lifesaver during a snowstorm.;Факел согреет тебя зимой и может спасти во время метели.;Eine Fackel kann dich im Winter wärmen und während eines Schneesturms das Leben retten.;Una antorcha puede calentarte en invierno y salvarte la vida durante una tormenta de nieve.;Pochodeň tě v zimě zahřeje a může ti zachránit život během sněhové bouře.;Een fakkel kan je in de winter verwarmen en je redden tijdens een sneeuwstorm.;Une torche peut te réchauffer en hiver et te sauver la vie pendant une tempête de neige.;松明は冬の寒さを和らげ、吹雪の中では命綱にもなる。;겨울에는 횃불이 몸을 덥혀 주고, 눈보라 속에서는 목숨을 구해 줄 수도 있다.;Pochodnia może ogrzać cię zimą i uratować życie podczas śnieżycy.;Uma tocha pode aquecê-lo no inverno e salvar sua vida durante uma nevasca.;Kışın bir meşale seni ısıtabilir ve kar fırtınasında hayatını kurtarabilir.;Смолоскип може зігріти взимку й врятувати життя під час заметілі.;火把能在冬天为你取暖，在暴风雪中救你一命。;火把能在冬天為你取暖，在暴風雪中救你一命。
seasons_loadscreen_tip_harvests;Harvests ripen faster in spring and summer. Prepare for the harsh winter ahead.;Весной и летом урожай созревает быстрее. Готовься к суровой зиме.;Die Ernte reift im Frühling und Sommer schneller. Bereite dich auf den harten Winter vor.;Las cosechas maduran más rápido en primavera y verano. Prepárate para el duro invierno.;Úroda dozrává rychleji na jaře a v létě. Připrav se na drsnou zimu.;Oogsten rijpen sneller in de lente en de zomer. Bereid je voor op de strenge winter.;Les récoltes mûrissent plus vite au printemps et en été. Prépare-toi au rude hiver.;収穫物は春と夏に早く実る。厳しい冬に備えよう。;봄과 여름에는 작물이 더 빨리 익는다. 혹독한 겨울에 대비하라.;Plony dojrzewają szybciej wiosną i latem. Przygotuj się na surową zimę.;As colheitas amadurecem mais rápido na primavera e no verão. Prepare-se para o inverno rigoroso.;Ürünler ilkbahar ve yazın daha hızlı olgunlaşır. Sert kışa hazırlan.;Врожай достигає швидше навесні та влітку. Підготуйся до суворої зими.;春夏时节收成成熟得更快。为严酷的冬天做好准备。;春夏時節收成成熟得更快。為嚴酷的冬天做好準備。
seasons_loadscreen_tip_nights;Winter nights are longer, darker and colder.;Зимние ночи длиннее, темнее и холоднее.;Winternächte sind länger, dunkler und kälter.;Las noches de invierno son más largas, oscuras y frías.;Zimní noci jsou delší, temnější a chladnější.;Winternachten zijn langer, donkerder en kouder.;Les nuits d'hiver sont plus longues, plus sombres et plus froides.;冬の夜は長く、暗く、寒い。;겨울밤은 더 길고 어둡고 춥다.;Zimowe noce są dłuższe, ciemniejsze i zimniejsze.;As noites de inverno são mais longas, escuras e frias.;Kış geceleri daha uzun, karanlık ve soğuktur.;Зимові ночі довші, темніші й холодніші.;冬夜更长、更暗、更冷。;冬夜更長、更暗、更冷。
seasons_loadscreen_tip_overheat;Summer brings heat: layers of warm clothing can cause overheating. One cold and sweet delicacy is a lifesaver.;Лето приносит жару: несколько слоёв тёплой одежды приведут к перегреву. Одно холодное и сладкое лакомство может стать настоящим спасением.;Der Sommer bringt Hitze: zu viele warme Kleidungsschichten führen zu Überhitzung. Eine kalte, süße Delikatesse kann Leben retten.;El verano trae calor: demasiadas capas de ropa cálida pueden causar sobrecalentamiento. Un dulce frío puede salvarte la vida.;Léto přináší horko: příliš mnoho teplého oblečení způsobí přehřátí. Chladná sladkost může zachránit život.;De zomer brengt hitte: te veel lagen warme kleding kunnen oververhitting veroorzaken. Een koude, zoete lekkernij kan je leven redden.;L’été apporte la chaleur : trop de couches de vêtements chauds peuvent te faire surchauffer. Une douceur froide et sucrée peut te sauver la vie.;夏は暑い。厚着を重ねればオーバーヒートする。冷たく甘い一品が命を救うこともある。;여름에는 더위가 찾아온다. 따뜻한 옷을 여러 겹 입으면 과열될 수 있다. 차갑고 달콤한 별미가 목숨을 구할 수도 있다.;Lato przynosi upały: zbyt wiele ciepłych ubrań może powodować przegrzanie. Zimny, słodki przysmak może uratować życie.;O verão traz calor: camadas de roupas quentes podem causar superaquecimento. Uma guloseima fria e doce pode salvar vidas.;Yaz sıcağı gelir: üst üste sıcak giysiler giymek aşırı ısınmaya yol açabilir. Soğuk ve tatlı bir lezzet hayat kurtarabilir.;Літо приносить спеку: кілька шарів теплого одягу можуть призвести до перегріву. Холодні ласощі врятують життя.;夏天带来炎热，穿得太厚会导致过热。一份冰凉的甜点也许能救命。;夏天帶來炎熱，穿得太厚會導致過熱。一份冰涼的甜點也許能救命。
seasons_loadscreen_tip_firewood;Firewood burns faster in autumn and winter, so stock up on extra firewood for the winter in advance.;Осенью и зимой дрова сгорают быстрее — заранее запасись ими на зиму.;Brennholz brennt im Herbst und Winter schneller, also lege Vorräte an.;La leña se quema más rápido en otoño e invierno, así que haz acopio con antelación.;Dřevo na topení hoří na podzim a v zimě rychleji, proto se předem zásob.;Brandhout verbrandt sneller in de herfst en winter, dus sla extra op.;Le bois brûle plus vite en automne et en hiver, alors fais des réserves avant l’arrivée du froid.;秋や冬は薪が早く燃える。冬に備えて薪を多めに準備しよう。;가을과 겨울에는 장작이 더 빨리 탄다. 겨울이 오기 전에 넉넉히 비축하라.;Drewno opałowe spala się szybciej jesienią i zimą, więc zaopatrz się zawczasu.;A lenha queima mais rápido no outono e no inverno, então faça uma boa reserva antes do frio.;Odun sonbahar ve kışın daha hızlı yanar, bu yüzden önceden stok yap.;Восени й узимку дрова згорають швидше — запасайся ними заздалегідь.;秋冬木柴燃烧得更快，提前储备一些。;秋冬木柴燃燒得更快，提前儲備一些。
seasons_loadscreen_tip_perish;In winter, nothing grows, and most plants die from the cold. A nearby heat source can provide protection from frost.;Зимой ничего не растёт, а большинство растений погибает от холода. Источник тепла неподалёку может защитить их от мороза.;Im Winter wächst nichts, und die meisten Pflanzen sterben an der Kälte. Eine Wärmequelle in der Nähe kann sie vor Frost schützen.;En invierno no crece nada y la mayoría de las plantas mueren de frío. Una fuente de calor cercana puede protegerlas de las heladas.;V zimě nic neroste a většina rostlin zahyne chladem. Blízký zdroj tepla je může chránit před mrazem.;In de winter groeit niets en sterven de meeste planten van de kou. Een warmtebron in de buurt kan bescherming bieden tegen vorst.;En hiver, rien ne pousse et la plupart des plantes meurent de froid. Une source de chaleur proche peut les protéger du gel.;冬には何も育たず、ほとんどの植物は寒さで枯れてしまう。近くの熱源が霜から守ってくれるかもしれない。;겨울에는 아무것도 자라지 않고 대부분의 식물이 추위에 죽는다. 가까운 열원은 서리로부터 식물을 지켜 줄 수 있다.;Zimą nic nie rośnie, a większość roślin ginie od zimna. Źródło ciepła w pobliżu może chronić przed mrozem.;No inverno, nada cresce e a maioria das plantas morre de frio. Uma fonte de calor próxima pode protegê-las da geada.;Kışın hiçbir şey büyümez ve çoğu bitki soğuktan ölür. Yakındaki bir ısı kaynağı dona karşı koruma sağlayabilir.;Взимку нічого не росте, більшість рослин гине від холоду. Джерело тепла поруч допоможе захиститися від морозу.;冬天万物不生，大部分植物都会被冻死。附近的热源可以提供防寒保护。;冬天萬物不生，大部分植物都會被凍死。附近的熱源可以提供防寒保護。
seasons_loadscreen_tip_traders;Merchants offer seasonal wares—visit them when the season changes, or rare finds may pass you by.;Торговцы привозят сезонные товары. Заглядывай к ним со сменой сезона, чтобы не упустить редкие находки.;Händler bieten saisonale Waren an. Besuche sie beim Wechsel der Jahreszeit, damit dir seltene Funde nicht entgehen.;Los comerciantes ofrecen mercancías de temporada. Visítalos cuando cambie la estación para no perderte hallazgos poco comunes.;Obchodníci nabízejí sezónní zboží. Navštiv je při změně ročního období, ať ti neuniknou vzácné nálezy.;Handelaars bieden seizoenswaren aan. Bezoek ze wanneer het seizoen verandert, anders loop je zeldzame vondsten mis.;Les marchands proposent des marchandises saisonnières. Rends-leur visite quand la saison change, sous peine de manquer de rares trouvailles.;商人は季節ごとの品を扱う。季節が変わったら訪れ、掘り出し物を逃すな。;상인은 계절마다 다른 물건을 판다. 계절이 바뀌면 찾아가 귀한 물건을 놓치지 마라.;Kupcy oferują towary sezonowe. Odwiedzaj ich przy zmianie pory roku, by nie przegapić rzadkich znalezisk.;Os comerciantes oferecem mercadorias sazonais. Visite-os quando a estação mudar para não perder achados raros.;Tüccarlar mevsimlik mallar sunar. Mevsim değiştiğinde uğra, nadir fırsatları kaçırma.;Торговці пропонують сезонні товари. Навідуйся до них зі зміною пори року, щоб не пропустити рідкісні знахідки.;商人会出售季节性商品——季节更替时记得拜访，别错过难得的好货。;商人會出售季節性商品——季節更替時記得拜訪，別錯過難得的好貨。
seasons_loadscreen_tip_stats;The season shapes your stamina and skills. Watch your condition and adapt.;Время года влияет на выносливость и навыки. Следи за своим состоянием и приспосабливайся к сезону.;Die Jahreszeit beeinflusst Ausdauer und Fähigkeiten. Achte auf deinen Zustand und passe dich an.;La estación afecta tu resistencia y tus habilidades. Vigila tu estado y adáptate.;Roční období ovlivňuje výdrž a dovednosti. Sleduj svůj stav a přizpůsob se.;Het seizoen beïnvloedt je uithoudingsvermogen en vaardigheden. Let op je toestand en pas je aan.;La saison influe sur ton endurance et tes compétences. Surveille ton état et adapte-toi.;季節はスタミナとスキルに影響する。自分の状態を見極め、適応せよ。;계절은 스태미나와 기술에 영향을 준다. 상태를 살피고 적응하라.;Pora roku wpływa na twoją wytrzymałość i umiejętności. Obserwuj swój stan i dostosuj się.;A estação afeta sua resistência e suas habilidades. Observe seu estado e adapte-se.;Mevsim dayanıklılığını ve yeteneklerini etkiler. Durumunu izle ve uyum sağla.;Пора року впливає на витривалість і навички. Стеж за своїм станом і пристосовуйся.;季节会影响体力和技能，注意自身状态并适应变化。;季節會影響體力和技能，注意自身狀態並適應變化。
seasons_loadscreen_tip_wolves;Winter hunger drives wolves down from the mountains in search of food. You can become their prey anywhere.;Зимний голод гонит волков с гор на поиски пищи. Их добычей можно стать где угодно.;Winterhunger treibt Wölfe auf der Suche nach Nahrung aus den Bergen herab. Überall kannst du zu ihrer Beute werden.;El hambre invernal obliga a los lobos a bajar de las montañas en busca de comida. Puedes convertirte en su presa en cualquier lugar.;Zimní hlad nutí vlky sestupovat z hor za potravou. Jejich kořistí se můžeš stát kdekoli.;Winterhonger drijft wolven uit de bergen op zoek naar voedsel. Overal kun je hun prooi worden.;La faim hivernale pousse les loups à descendre des montagnes en quête de nourriture. Où que tu sois, tu peux devenir leur proie.;冬の飢えに駆られ、オオカミは獲物を求めて山を下りてくる。どこにいても狙われるぞ。;겨울의 굶주림에 내몰린 늑대들이 먹이를 찾아 산에서 내려온다. 어디서든 그들의 사냥감이 될 수 있다.;Zimowy głód zmusza wilki do schodzenia z gór w poszukiwaniu pożywienia. Wszędzie możesz stać się ich ofiarą.;A fome do inverno força os lobos a descer das montanhas em busca de comida. Em qualquer lugar, você pode virar presa.;Kış açlığı kurtları yiyecek aramak için dağlardan inmeye zorlar. Her yerde onların avı olabilirsin.;Зимовий голод жене вовків з гір у пошуках їжі. Їхньою здобиччю можна стати будь-де.;冬季的饥饿迫使狼群下山觅食。你可能在任何地方成为它们的猎物。;冬季的飢餓迫使狼群下山覓食。你可能在任何地方成為牠們的獵物。
seasons_loadscreen_tip_swimming;Don't even think about swimming in winter—you'll freeze to death.;Даже не думай купаться зимой — замёрзнешь насмерть.;Denk gar nicht daran, im Winter zu schwimmen – du erfrierst.;Ni se te ocurra nadar en invierno: morirás congelado.;Ani nepomýšlej na koupání v zimě – umrznul bys.;Denk er niet aan om in de winter te zwemmen – je bevriest.;Ne songe même pas à nager en hiver : tu mourras de froid.;冬に泳ごうなんて思わないこと。凍え死ぬぞ。;겨울에 수영할 생각은 버려라. 얼어 죽을 것이다.;Nie próbuj pływać zimą – zamarzniesz na śmierć.;Nem pense em nadar no inverno – você morrerá congelado.;Kışın yüzmeyi aklından bile geçirme – donarak ölürsün.;Навіть не думай купатися взимку — замерзнеш до смерті.;冬天别想着游泳——你会被冻死的。;冬天別想著游泳——你會被凍死的。
seasons_loadscreen_tip_clutter;In spring, meadows, forests and swamps blossom.;Весной луга, леса и болота расцветают.;Im Frühling blühen Wiesen, Wälder und Sümpfe auf.;En primavera, prados, bosques y pantanos florecen.;Na jaře rozkvétají louky, lesy a bažiny.;In de lente bloeien weiden, bossen en moerassen op.;Au printemps, prairies, forêts et marais s'épanouissent.;春には草原や森、沼地が花開く。;봄에는 초원과 숲, 늪지가 활짝 핀다.;Na wiosnę kwitną łąki, lasy i bagna.;Na primavera, campos, florestas e pântanos florescem.;İlkbaharda çayırlar, ormanlar ve bataklıklar çiçek açar.;Навесні розквітають луки, ліси та болота.;春天，草地、森林和沼泽焕发生机。;春天，草地、森林和沼澤煥發生機。
seasons_loadscreen_tip_summer_heat;Summer heat builds up under direct sunlight. Seek shade or water to cool down.;Летняя жара накапливается под прямыми лучами солнца. Ищи тень или воду, чтобы остыть.;Sommerhitze staut sich in direkter Sonne. Suche Schatten oder Wasser, um dich abzukühlen.;El calor del verano se acumula bajo el sol directo. Busca sombra o agua para refrescarte.;Letní horko se hromadí na přímém slunci. Najdi stín nebo vodu, abys se ochladil.;Zomerhitte stapelt zich op in direct zonlicht. Zoek schaduw of water om af te koelen.;La chaleur estivale s'accumule sous le soleil direct. Cherche de l’ombre ou de l’eau pour te rafraîchir.;夏の暑さは直射日光で蓄積される。日陰や水で体を冷やそう。;여름 더위는 직사광선 아래에서 쌓인다. 그늘이나 물로 식혀라.;Letni upał narasta w pełnym słońcu. Szukaj cienia lub wody, by się ochłodzić.;O calor do verão aumenta sob o sol direto. Procure sombra ou água para se refrescar.;Yaz sıcağı doğrudan güneş altında birikir. Serinlemek için gölge ya da su bul.;Літня спека накопичується під прямим сонцем. Шукай тінь або воду, щоб охолонути.;夏季高温会在直射阳光下累积。寻找阴凉或水来降温。;夏季高溫會在直射陽光下累積。尋找陰涼或水來降溫。
seasons_loadscreen_tip_summer_heat_cold_food;Cold treats can help you stay cool during hot summer days.;Холодная еда помогает остыть в жаркие дни.;Kalte Speisen helfen, bei Hitze kühl zu bleiben.;Los alimentos fríos ayudan a mantenerte fresco en días calurosos.;Studené jídlo ti v horku pomůže se ochladit.;Koud eten helpt je koel te blijven op hete zomerdagen.;Les aliments froids aident à rester au frais par forte chaleur.;冷たい食べ物は暑い日に体を冷やしてくれる。;차가운 음식은 더운 날씨에 몸을 식혀준다.;Zimne jedzenie pomaga zachować chłód w upale.;Comidas frias ajudam a manter o corpo fresco no calor.;Soğuk yiyecekler sıcak havada serin kalmana yardımcı olur.;Холодна їжа допомагає охолонути в спеку.;冷食可以帮助你在炎热天气中降温。;冷食可以幫助你在炎熱天氣中降溫。
seasons_loadscreen_tip_summer_heat_activity;Running, fighting, and carrying too much weight will heat you up faster.;Бег, бой и тяжёлая ноша быстрее разогревают тело.;Rennen, Kämpfen und eine schwere Last lassen dich schneller aufheizen.;Correr, luchar y cargar demasiado te hará sobrecalentarte más rápido.;Běh, boj a přetížení tě zahřejí rychleji.;Rennen, vechten en een zware last laten je sneller opwarmen.;Courir, combattre et porter trop de poids te fait chauffer plus vite.;走ったり戦ったり荷物を持ちすぎると体温が上がりやすい。;달리기, 전투, 과적은 체온을 빠르게 올린다.;Bieganie, walka i przeciążenie szybciej podnoszą temperaturę.;Correr, lutar e carregar peso demais faz você esquentar mais rápido.;Koşmak, savaşmak ve ağır yük taşımak daha hızlı ısınmana yol açar.;Біг, бій і перевантаження швидше нагрівають тіло.;奔跑、战斗和负重过高都会让你更快升温。;奔跑、戰鬥和負重過高都會讓你更快升溫。
seasons_loadscreen_tip_summer_heat_campfire;Even a campfire can make the summer heat worse.;Даже костёр может усилить летнюю жару.;Selbst ein Lagerfeuer kann die Hitze verstärken.;Incluso una hoguera puede empeorar el calor.;I táborák může zhoršit horko.;Zelfs een kampvuur kan de zomerhitte verergeren.;Même un feu de camp peut aggraver la chaleur.;焚き火でも暑さが増すことがある。;모닥불도 더위를 악화시킬 수 있다.;Nawet ognisko może nasilić upał.;Até uma fogueira pode piorar o calor.;Kamp ateşi bile sıcağı artırabilir.;Навіть багаття може посилити спеку.;篝火也会加剧炎热。;營火也會加劇炎熱。
seasons_loadscreen_tip_summer_heat_prefix;About summer heat:;О летней жаре:;Zur Sommerhitze:;Sobre el calor del verano:;O letním horku:;Over zomerhitte:;À propos de la chaleur estivale :;夏の暑さについて:;여름 더위에 대해:;O letnim upale:;Sobre o calor do verão:;Yaz sıcağı hakkında:;Про літню спеку:;关于夏季高温：;關於夏季高溫：
seasons_loadscreen_tip_summer_heat_clothing;Not every piece of armor fares equally well beneath the summer sun.;Не всякая броня одинаково хорошо переносит летнее солнце.;Nicht jedes Rüstungsteil kommt gleich gut mit der Sommersonne zurecht.;No todas las piezas de armadura soportan igual de bien el sol de verano.;Ne každá část zbroje snáší letní slunce stejně dobře.;Niet elk harnasstuk is even geschikt onder de zomerzon.;Toutes les pièces d’armure ne supportent pas aussi bien le soleil d’été.;どの防具も夏の日差しと相性がいいとは限らない。;모든 방어구가 여름 햇볕에 똑같이 잘 맞는 것은 아니다.;Nie każdy element pancerza równie dobrze znosi letnie słońce.;Nem toda peça de armadura lida igualmente bem com o sol de verão.;Her zırh parçası yaz güneşine aynı ölçüde dayanmaz.;Не кожен обладунок однаково добре витримує літнє сонце.;并不是每件护甲都适合夏日阳光。;並不是每件護甲都適合夏日陽光。
seasons_loadscreen_tip_summer_heat_cold_clothing;Cold-weather gear loses its charm when the sun itself provides the heat.;Одежда для холодов теряет привлекательность, когда греет само солнце.;Kleidung für kaltes Wetter verliert ihren Reiz, wenn die Sonne selbst für Wärme sorgt.;El equipo para el frío pierde su encanto cuando el propio sol aporta el calor.;Výbava do chladu ztrácí své kouzlo, když hřeje samo slunce.;Uitrusting voor koud weer verliest haar charme wanneer de zon zelf verwarmt.;L’équipement pour le froid perd de son charme quand le soleil fournit lui-même la chaleur.;寒冷地向けの装備も、太陽そのものが熱をもたらす時には魅力が薄れる。;추위에 대비한 장비도 태양 자체가 열을 내는 때에는 매력이 줄어든다.;Ekwipunek na chłód traci swój urok, gdy samo słońce daje ciepło.;Equipamentos para o frio perdem o encanto quando o próprio sol fornece o calor.;Soğuk hava donanımı, güneşin kendisi ısıtırken çekiciliğini yitirir.;Спорядження для холоду втрачає привабливість, коли гріє саме сонце.;太阳已经够热时，御寒装备就没那么讨喜了。;太陽已經夠熱時，禦寒裝備就沒那麼討喜了。
seasons_loadscreen_tip_summer_heat_hairstyle;Hair is not armor, but sometimes it is better than nothing.;Волосы — не броня, но иногда это лучше, чем ничего.;Haar ist keine Rüstung, aber manchmal besser als nichts.;El pelo no es armadura, pero a veces es mejor que nada.;Vlasy nejsou zbroj, ale někdy jsou lepší než nic.;Haar is geen harnas, maar soms beter dan niets.;Les cheveux ne sont pas une armure, mais c’est parfois mieux que rien.;髪は防具ではないが、何もないよりはましなこともある。;머리카락은 방어구가 아니지만, 가끔은 없는 것보다 낫다.;Włosy to nie pancerz, ale czasem lepsze to niż nic.;Cabelo não é armadura, mas às vezes é melhor do que nada.;Saç zırh değildir, ama bazen hiç yoktan iyidir.;Волосся — не обладунок, але іноді це краще, ніж нічого.;头发不是护甲，但有时总比没有强。;頭髮不是護甲，但有時總比沒有強。
seasons_loadscreen_tip_summer_heat_day_night;The midday sun bears down hardest, while night gives you time to cool.;Полуденное солнце припекает сильнее, а ночью можно остыть.;Die Mittagssonne brennt am stärksten, während die Nacht dir Zeit zum Abkühlen gibt.;El sol del mediodía castiga con más fuerza, mientras que la noche te da tiempo para refrescarte.;Polední slunce pálí nejsilněji a noc ti dává čas vychladnout.;De middagzon brandt het felst, terwijl de nacht je tijd geeft om af te koelen.;Le soleil de midi tape le plus fort, tandis que la nuit te laisse le temps de te rafraîchir.;真昼の太陽が最も厳しく、夜は体を冷ます時間を与えてくれる。;한낮의 태양이 가장 거세고, 밤은 몸을 식힐 시간을 준다.;Południowe słońce praży najmocniej, a noc daje czas na ochłonięcie.;O sol do meio-dia castiga mais, enquanto a noite dá tempo para se refrescar.;Öğle güneşi en sert yakar, gece ise serinlemek için zaman verir.;Полуденне сонце припікає найдужче, а вночі можна охолонути.;正午的阳光最为灼人，夜晚则让你有时间降温。;正午的陽光最為灼人，夜晚則讓你有時間降溫。
seasons_loadscreen_tip_summer_heat_risk;A little heat can be beneficial, but too much will drain your strength.;Немного жары полезно, но избыток лишает сил.;Etwas Hitze kann helfen, zu viel raubt dir Kraft.;Un poco de calor puede ayudar, pero demasiado te debilita.;Trocha tepla pomáhá, ale příliš tě vyčerpá.;Een beetje warmte kan helpen, maar te veel put je uit.;Un peu de chaleur aide, trop t’épuise.;少しの熱は有利だが、過ぎれば体力を奪う。;약간의 열은 도움이 되지만, 과하면 힘이 빠진다.;Trochę ciepła pomaga, ale nadmiar odbiera siły.;Um pouco de calor ajuda, mas demais drena suas forças.;Biraz ısı faydalıdır, fazlası gücünü tüketir.;Трохи спеки корисно, але надлишок виснажує.;少量热量有益，但过多会消耗体力。;少量熱量有益，但過多會消耗體力。
seasons_loadscreen_preparing;Preparing seasonal textures…;Подготовка сезонных текстур…;Vorbereitung saisonaler Texturen…;Preparando texturas estacionales…;Příprava sezónních textur…;Seizoensgebonden texturen voorbereiden…;Préparation des textures saisonnières…;季節のテクスチャを準備中…;계절 텍스처 준비 중…;Przygotowywanie tekstur sezonowych…;Preparando texturas sazonais…;Mevsimsel dokular hazırlanıyor…;Підготовка сезонних текстур…;正在准备季节性纹理…;正在準備季節性紋理…
seasons_loadscreen_saving;Saving seasonal textures…;Сохранение сезонных текстур…;Speichern saisonaler Texturen…;Guardando texturas estacionales…;Ukládání sezónních textur…;Seizoensgebonden texturen opslaan…;Enregistrement des textures saisonnières…;季節のテクスチャを保存中…;계절 텍스처 저장 중…;Zapisywanie tekstur sezonowych…;Salvando texturas sazonais…;Mevsimsel dokular kaydediliyor…;Збереження сезонних текстур…;正在保存季节性纹理…;正在保存季節性紋理…
seasons_status_summer_heat_name;Summer Heat;Летняя жара;Sommerhitze;Calor de verano;Letní horko;Zomerhitte;Chaleur estivale;夏の暑さ;여름 더위;Letni upał;Calor de verão;Yaz sıcağı;Літня спека;夏季高温;夏季高溫
seasons_status_summer_heat_description;The midsummer sun builds heat in your body. Shade, water, and night help you cool down. Other forces can warm or cool you as well.;Под палящим летним солнцем тело нагревается. Тень, вода и ночь помогают остыть. Есть и другие способы нагреться или охладиться.;Die Hochsommersonne staut Hitze in deinem Körper. Schatten, Wasser und Nacht helfen dir beim Abkühlen. Auch andere Einflüsse können dich wärmen oder kühlen.;El sol de pleno verano hace que acumules calor. La sombra, el agua y la noche te ayudan a refrescarte. También hay otras formas de calentarte y enfriarte.;Letní slunce zahřívá tvé tělo. Stín, voda a noc pomáhají s ochlazením. Zahřát i ochladit se lze i jinak.;De volle zomerzon laat je opwarmen. Schaduw, water en de nacht helpen je af te koelen. Ook andere invloeden kunnen je verwarmen of verkoelen.;Le soleil du cœur de l’été fait monter ta chaleur. L’ombre, l’eau et la nuit t’aident à te rafraîchir. D’autres influences peuvent aussi te réchauffer ou te refroidir.;真夏の日差しで体に熱がこもる。日陰、水、夜は体を冷ましてくれる。ほかにも体を温めたり冷やしたりする要因がある。;한여름 햇빛에 노출되면 몸에 열이 쌓인다. 그늘과 물, 밤은 몸을 식혀 준다. 몸을 덥히거나 식히는 다른 요인도 있다.;Letnie słońce gromadzi ciepło w twoim ciele. Cień, woda i noc pomagają się ochłodzić. Inne czynniki także mogą cię ogrzać lub schłodzić.;O sol forte do verão faz seu corpo acumular calor. Sombra, água e a noite ajudam você a se refrescar. Outros fatores também podem aquecer ou resfriar seu corpo.;Yaz güneşi vücudunda ısı biriktirir. Gölge, su ve gece serinlemene yardım eder. Başka etkiler de seni ısıtabilir veya serinletebilir.;Під літнім сонцем тіло нагрівається. Тінь, вода й ніч допомагають охолонути. Є й інші способи нагрітися або охолонути.;盛夏阳光会让身体积聚热量。阴凉、水和夜晚有助于降温。其他因素也会让你升温或降温。;盛夏陽光會讓身體積聚熱量。陰涼、水和夜晚有助於降溫。其他因素也會讓你升溫或降溫。
seasons_status_summer_heat_current;Heat;Жара;Hitze;Calor;Teplo;Warmte;Chaleur;熱量;열;Ciepło;Calor;Isı;Спека;热量;熱量
seasons_status_summer_heat_zone;Heat state;Состояние;Hitzestatus;Estado térmico;Stav horka;Warmtestatus;État de chaleur;暑さ状態;열 상태;Stan ciepła;Estado do calor;Isı durumu;Стан спеки;热量状态;熱量狀態
seasons_status_summer_heat_weather;Weather;Погода;Wetter;Clima;Počasí;Weer;Météo;天候;날씨;Pogoda;Clima;Hava;Погода;天气;天氣
seasons_status_summer_heat_exposure;Sunlight;Солнце;Sonnenlicht;Luz solar;Slunce;Zonlicht;Soleil;日差し;햇빛;Słońce;Luz do sol;Güneş ışığı;Сонце;阳光;陽光
seasons_status_summer_heat_trend;Trend;Динамика;Trend;Tendencia;Trend;Verloop;Tendance;傾向;추세;Trend;Tendência;Gidişat;Динаміка;趋势;趨勢
seasons_status_summer_heat_sunny;Sunny;Солнечно;Sonnig;Soleado;Slunečno;Zonnig;Ensoleillé;晴れ;맑음;Słonecznie;Ensolarado;Güneşli;Сонячно;晴朗;晴朗
seasons_status_summer_heat_not_sunny;No sun;Без солнца;Keine Sonne;Sin sol;Bez slunce;Geen zon;Sans soleil;日差しなし;햇빛 없음;Bez słońca;Sem sol;Güneş yok;Без сонця;无阳光;無陽光
seasons_status_summer_heat_zone_green;Comfortable;Комфортно;Angenehm;Cómodo;Příjemně;Aangenaam;Agréable;快適;쾌적함;Komfortowo;Confortável;Rahat;Комфортно;舒适;舒適
seasons_status_summer_heat_zone_neutral;Warm;Тепло;Warm;Cálido;Teplo;Warm;Chaud;暖かい;따뜻함;Ciepło;Quente;Sıcak;Тепло;温暖;溫暖
seasons_status_summer_heat_zone_red;Hot;Жарко;Heiß;Caluroso;Horko;Heet;Très chaud;暑い;더움;Gorąco;Muito quente;Çok sıcak;Спекотно;炎热;炎熱
seasons_status_summer_heat_zone_max;Overheated;Перегрев;Überhitzt;Sobrecalentado;Přehřátí;Oververhit;Surchauffe;過熱;과열;Przegrzanie;Superaquecido;Aşırı ısınma;Перегрів;过热;過熱
seasons_status_summer_heat_exposure_sun;In sun;На солнце;In der Sonne;Al sol;Na slunci;In de zon;Au soleil;日向;햇볕 아래;Na słońcu;Ao sol;Güneşte;На сонці;在阳光下;在陽光下
seasons_status_summer_heat_exposure_shade;In shade;В тени;Im Schatten;En sombra;Ve stínu;In de schaduw;À l’ombre;日陰;그늘;W cieniu;Na sombra;Gölgede;У тіні;在阴凉处;在陰涼處
seasons_status_summer_heat_exposure_none;No direct sun;Без прямого солнца;Keine direkte Sonne;Sin sol directo;Bez přímého slunce;Geen directe zon;Sans soleil direct;直射日光なし;직사광선 없음;Bez bezpośredniego słońca;Sem sol direto;Doğrudan güneş yok;Без прямого сонця;无阳光直射;無陽光直射
seasons_status_summer_heat_trend_heating;Heating up;Нагревается;Wird heißer;Calentándose;Zahřívá se;Warmt op;Chauffe;上昇中;가열 중;Nagrzewa się;Aquecendo;Isınıyor;Нагрівається;升温中;升溫中
seasons_status_summer_heat_trend_cooling;Cooling down;Остывает;Kühlt ab;Enfriándose;Ochlazuje se;Koelt af;Refroidit;低下中;식는 중;Stygnie;Resfriando;Soğuyor;Охолоджується;降温中;降溫中
seasons_status_summer_heat_trend_stable;Stable;Стабильно;Stabil;Estable;Stabilní;Stabiel;Stable;安定;안정;Stabilnie;Estável;Dengede;Стабільно;稳定;穩定
seasons_status_summer_heat_modifier_health_regen;Health regen;Регенерация здоровья;Lebensregeneration;Regeneración de salud;Obnova zdraví;Gezondheidsherstel;Régénération de vie;体力回復;체력 회복;Regeneracja zdrowia;Regeneração de vida;Can yenilenmesi;Регенерація здоров'я;生命恢复;生命恢復
seasons_status_summer_heat_modifier_stamina_regen;Stamina regen;Регенерация выносливости;Ausdauerregeneration;Regeneración de resistencia;Obnova výdrže;Herstel van uithoudingsvermogen;Régénération d’endurance;スタミナ回復;스태미나 회복;Regeneracja wytrzymałości;Regeneração de vigor;Dayanıklılık yenilenmesi;Регенерація витривалості;耐力恢复;耐力恢復
seasons_status_summer_heat_modifier_eitr_regen;Eitr regen;Регенерация эйтра;Eitr-Regeneration;Regeneración de eitr;Obnova eitr;Eitr-herstel;Régénération d’eitr;エイトル回復;에이트르 회복;Regeneracja eitr;Regeneração de eitr;Eitr yenilenmesi;Регенерація ейтра;灵质恢复;靈質恢復
seasons_status_summer_heat_modifier_stamina_use;Stamina use;Расход выносливости;Ausdauerverbrauch;Uso de resistencia;Spotřeba výdrže;Uithoudingsverbruik;Consommation d’endurance;スタミナ消費;스태미나 소모;Zużycie wytrzymałości;Consumo de vigor;Dayanıklılık tüketimi;Витрата витривалості;耐力消耗;耐力消耗
seasons_status_summer_heat_modifier_adrenaline;Adrenaline;Адреналин;Adrenalin;Adrenalina;Adrenalin;Adrenaline;Adrénaline;アドレナリン;아드레날린;Adrenalina;Adrenalina;Adrenalin;Адреналін;肾上腺素;腎上腺素
seasons_status_summer_heat_cap_warning;Maximum heat is forcing your health down toward {0}%.;Сильная жара снижает здоровье до порога {0}%.;Extreme Hitze drückt deine Gesundheit bis auf {0}%.;El calor extremo reduce tu salud hasta el umbral del {0}%.;Extrémní horko snižuje zdraví až k hranici {0} %.;Extreme hitte drukt je gezondheid terug tot {0}%.;La chaleur extrême fait chuter ta vie jusqu’au seuil de {0} %.;最大の暑さで体力が{0}%の下限まで低下する。;극심한 더위로 체력이 {0}% 한계까지 떨어진다.;Skrajny upał obniża zdrowie do progu {0}%.;O calor extremo reduz sua vida até o limite de {0}%.;Aşırı sıcak sağlığını {0}% sınırına kadar düşürür.;Сильна спека знижує здоров’я до межі {0}%.;极端高温会将生命值压低至{0}%的下限。;極端高溫會將生命值壓低至{0}%的下限。
seasons_status_summer_heat_factor_cooling_food;Cold food is keeping you cool;Холодная еда охлаждает;Kalte Nahrung kühlt dich;La comida fría te refresca;Studené jídlo tě chladí;Koud eten houdt je koel;La nourriture froide te rafraîchit;冷たい食べ物で涼しくなる;차가운 음식이 몸을 식힌다;Zimne jedzenie chłodzi;Comida fria te refresca;Soğuk yiyecekler serinletir;Холодна їжа охолоджує;冷食让你降温;冷食讓你降溫
seasons_status_summer_heat_factor_campfire;The fire is adding to the heat;Костёр добавляет жары;Das Feuer verstärkt die Hitze;El fuego añade más calor;Oheň přidává další horko;Het vuur voegt warmte toe;Le feu ajoute de la chaleur;焚き火でさらに暑くなる;불이 더위를 더한다;Ogień zwiększa ciepło;O fogo aumenta o calor;Ateş ısıyı artırır;Вогонь додає спеки;火会增加热量;火會增加熱量
seasons_status_summer_heat_factor_encumbered;You heat up faster under heavy load;С тяжёлым грузом перегреваешься быстрее;Mit schwerer Last wirst du schneller heiß;Con carga pesada te calientas más rápido;S těžkým nákladem se zahříváš rychleji;Met een zware last warm je sneller op;Avec une lourde charge tu chauffes plus vite;重い荷物で体温が上がりやすい;무거운 짐을 들면 더 빨리 뜨거워진다;Z ciężkim ładunkiem szybciej się nagrzewasz;Com carga pesada você esquenta mais rápido;Ağır yükle daha hızlı ısınırsın;З важким вантажем швидше перегріваєшся;负重时升温更快;負重時升溫更快
seasons_status_summer_heat_technical;Technical data;Технические данные;Technische Daten;Datos técnicos;Technické údaje;Technische gegevens;Données techniques;技術情報;기술 정보;Dane techniczne;Dados técnicos;Teknik veriler;Технічні дані;技术信息;技術資訊
seasons_status_summer_heat_technical_heat_values;Current / total / overflow;Текущее / всего / превышение;Aktuell / gesamt / Überlauf;Actual / total / exceso;Aktuální / celkem / přebytek;Huidig / totaal / overschot;Actuelle / totale / excédent;現在 / 合計 / 超過;현재 / 전체 / 초과;Bieżące / łączne / nadmiar;Atual / total / excesso;Mevcut / toplam / aşım;Поточне / загальне / перевищення;当前 / 总量 / 溢出;目前 / 總量 / 溢出
seasons_status_summer_heat_technical_heat_scale;Heat scale;Шкала жары;Hitzeskala;Escala de calor;Stupnice tepla;Warmteschaal;Échelle de chaleur;熱量スケール;열 단계;Skala ciepła;Escala de calor;Isı ölçeği;Шкала спеки;热量刻度;熱量刻度
seasons_status_summer_heat_technical_factors;Bonus / penalty / overheat;Бонус / штраф / перегрев;Bonus / Malus / Überhitzung;Bonificación / penalización / sobrecalentamiento;Bonus / postih / přehřátí;Bonus / straf / oververhitting;Bonus / malus / surchauffe;ボーナス / ペナルティ / 過熱;보너스 / 페널티 / 과열;Premia / kara / przegrzanie;Bônus / penalidade / superaquecimento;Bonus / ceza / aşırı ısınma;Бонус / штраф / перегрів;增益 / 惩罚 / 过热;增益 / 懲罰 / 過熱
seasons_status_summer_heat_technical_direction;Direction;Направление;Richtung;Dirección;Směr;Richting;Direction;方向;방향;Kierunek;Direção;Yön;Напрям;方向;方向
seasons_status_summer_heat_technical_flags;Heat window / daytime / sunny / supported biome;Период жары / день / солнце / подходящий биом;Hitzezeit / Tag / Sonne / geeignetes Biom;Periodo de calor / día / sol / bioma compatible;Období veder / den / slunce / vhodný biom;Hitteperiode / dag / zon / geschikt bioom;Période de chaleur / jour / soleil / biome compatible;暑期 / 昼 / 晴天 / 対応バイオーム;폭염 기간 / 낮 / 맑음 / 지원 생물군계;Okres upału / dzień / słońce / odpowiedni biom;Período de calor / dia / sol / bioma compatível;Sıcak dönem / gündüz / güneş / uygun biyom;Період спеки / день / сонце / придатний біом;酷热期 / 白天 / 晴朗 / 适用生物群系;酷熱期 / 白天 / 晴朗 / 適用生態域
seasons_status_summer_heat_technical_thresholds;Comfort / penalty / overheat / cap;Комфорт / штраф / перегрев / предел;Komfort / Malus / Überhitzung / Limit;Comodidad / penalización / sobrecalor / límite;Pohoda / postih / přehřátí / limit;Comfort / straf / oververhitting / limiet;Confort / malus / surchauffe / limite;快適 / ペナルティ / 過熱 / 上限;쾌적 / 페널티 / 과열 / 상한;Komfort / kara / przegrzanie / limit;Conforto / penalidade / superaquecimento / limite;Rahatlık / ceza / aşırı ısınma / sınır;Комфорт / штраф / перегрів / межа;舒适 / 惩罚 / 过热 / 上限;舒適 / 懲罰 / 過熱 / 上限
seasons_status_summer_heat_technical_conditions;Daytime / sunny / shade / heat haze;День / солнечно / тень / марево;Tag / sonnig / Schatten / Hitzeflimmern;Día / soleado / sombra / reverberación;Den / slunečno / stín / horký opar;Dag / zonnig / schaduw / hittewaas;Jour / soleil / ombre / mirage de chaleur;昼 / 晴天 / 日陰 / 陽炎;낮 / 맑음 / 그늘 / 열기 아지랑이;Dzień / słonecznie / cień / miraż cieplny;Dia / ensolarado / sombra / miragem de calor;Gündüz / güneşli / gölge / ısı dalgalanması;День / сонячно / тінь / марево;白天 / 晴朗 / 阴影 / 热浪扭曲;白天 / 晴朗 / 陰影 / 熱浪扭曲
seasons_status_summer_heat_technical_comfort_range;Comfort range: start / peak / end;Комфорт: начало / пик / конец;Komfortbereich: Start / Spitze / Ende;Comodidad: inicio / máximo / fin;Pohoda: začátek / vrchol / konec;Comfortbereik: begin / piek / einde;Confort : début / pic / fin;快適範囲: 開始 / 最大 / 終了;쾌적 구간: 시작 / 최대 / 끝;Komfort: początek / szczyt / koniec;Conforto: início / pico / fim;Rahatlık: başlangıç / tepe / son;Комфорт: початок / пік / кінець;舒适区：开始 / 峰值 / 结束;舒適區：開始 / 峰值 / 結束
seasons_status_summer_heat_technical_penalty_ramp;Penalty ramp: start / full;Штраф: начало / максимум;Malusaufbau: Start / voll;Penalización: inicio / máximo;Nárůst postihu: začátek / naplno;Strafopbouw: begin / volledig;Malus : début / maximum;ペナルティ: 開始 / 最大;페널티: 시작 / 최대;Kara: początek / pełna;Penalidade: início / máximo;Ceza: başlangıç / tam;Штраф: початок / максимум;惩罚：开始 / 最大;懲罰：開始 / 最大
seasons_status_summer_heat_technical_overheated;Overheat: start / cap / buffer;Перегрев: начало / предел / запас;Überhitzung: Start / Limit / Puffer;Sobrecalentamiento: inicio / límite / reserva;Přehřátí: začátek / limit / rezerva;Oververhitting: begin / limiet / buffer;Surchauffe : début / limite / réserve;過熱: 開始 / 上限 / 余裕;과열: 시작 / 상한 / 버퍼;Przegrzanie: początek / limit / zapas;Superaquecimento: início / limite / reserva;Aşırı ısınma: başlangıç / sınır / tampon;Перегрів: початок / межа / запас;过热：开始 / 上限 / 缓冲;過熱：開始 / 上限 / 緩衝
seasons_status_summer_heat_yes;yes;да;ja;sí;ano;ja;oui;はい;예;tak;sim;evet;так;是;是
seasons_status_summer_heat_no;no;нет;nein;no;ne;nee;non;いいえ;아니요;nie;não;hayır;ні;否;否
seasons_status_summer_heat_technical_armor;Armor heat / cooling;Броня: нагрев / охлаждение;Rüstung: Hitze / Abkühlung;Armadura: calor / enfriamiento;Zbroj: zahřívání / chlazení;Pantser: opwarming / afkoeling;Armure : chaleur / refroidissement;防具: 加熱 / 冷却;방어구: 가열 / 냉각;Pancerz: nagrzewanie / chłodzenie;Armadura: calor / resfriamento;Zırh: ısınma / soğuma;Броня: нагрів / охолодження;护甲：升温 / 降温;護甲：升溫 / 降溫
seasons_status_summer_heat_technical_armor_slots;Head / cloak / chest / legs;Голова / плащ / тело / ноги;Kopf / Umhang / Brust / Beine;Cabeza / capa / pecho / piernas;Hlava / plášť / hruď / nohy;Hoofd / mantel / borst / benen;Tête / cape / torse / jambes;頭 / マント / 胴 / 脚;머리 / 망토 / 몸통 / 다리;Głowa / płaszcz / tors / nogi;Cabeça / capa / peito / pernas;Baş / pelerin / gövde / bacaklar;Голова / плащ / тіло / ноги;头部 / 披风 / 胸甲 / 护腿;頭部 / 披風 / 胸甲 / 護腿
seasons_status_summer_heat_armor_disabled;disabled;выключено;aus;desactivado;vypnuto;uit;désactivé;無効;꺼짐;wyłączone;desativado;kapalı;вимкнено;已关闭;已關閉
seasons_status_summer_heat_armor_empty;empty;пусто;leer;vacío;prázdné;leeg;vide;空;비어 있음;puste;vazio;boş;порожньо;空;空
seasons_status_summer_heat_armor_uncovered_sun;uncovered in sun;без головного убора на солнце;unbedeckter Kopf in der Sonne;cabeza descubierta al sol;odkrytá hlava na slunci;onbedekt hoofd in de zon;tête découverte au soleil;無帽で日向;맨머리로 햇볕 아래;odkryta głowa na słońcu;cabeça descoberta ao sol;güneşte başı açık;без головного убору на сонці;阳光下头部未遮挡;陽光下頭部未遮蔽
seasons_status_summer_heat_armor_uncovered_shade;uncovered in shade;без головного убора в тени;unbedeckter Kopf im Schatten;cabeza descubierta a la sombra;odkrytá hlava ve stínu;onbedekt hoofd in de schaduw;tête découverte à l’ombre;無帽で日陰;맨머리로 그늘에;odkryta głowa w cieniu;cabeça descoberta na sombra;gölgede başı açık;без головного убору в тіні;阴影中头部未遮挡;陰影中頭部未遮蔽
seasons_status_summer_heat_armor_bald_head;bald head;лысая голова;kahler Kopf;cabeza calva;holá hlava;kaal hoofd;tête chauve;坊主頭;대머리;łysa głowa;cabeça careca;kel kafa;лиса голова;光头;光頭
seasons_status_summer_heat_armor_open_helmet;open helmet;открытый шлем;offener Helm;casco abierto;otevřená helma;open helm;casque ouvert;開放型兜;열린 투구;otwarty hełm;elmo aberto;açık miğfer;відкритий шолом;开放头盔;開放頭盔
seasons_status_summer_heat_armor_closed_helmet;closed helmet;закрытый шлем;geschlossener Helm;casco cerrado;uzavřená helma;gesloten helm;casque fermé;密閉型兜;닫힌 투구;zamknięty hełm;elmo fechado;kapalı miğfer;закритий шолом;封闭头盔;封閉頭盔
seasons_status_summer_heat_armor_no_cloak;no cloak;без плаща;kein Umhang;sin capa;bez pláště;geen mantel;sans cape;マントなし;망토 없음;bez płaszcza;sem capa;pelerin yok;без плаща;无披风;無披風
seasons_status_summer_heat_armor_light_cloak;light cloak;лёгкий плащ;leichter Umhang;capa ligera;lehký plášť;lichte mantel;cape légère;軽いマント;가벼운 망토;lekki płaszcz;capa leve;hafif pelerin;легкий плащ;轻披风;輕披風
seasons_status_summer_heat_armor_cloak;cloak;плащ;Umhang;capa;plášť;mantel;cape;マント;망토;płaszcz;capa;pelerin;плащ;披风;披風
seasons_status_summer_heat_armor_cold_cloak;frost-resistant cloak;морозостойкий плащ;frostbeständiger Umhang;capa contra frío;mrazuvzdorný plášť;vorstbestendige mantel;cape résistante au froid;耐寒マント;방한 망토;mrozoodporny płaszcz;capa contra frio;soğuğa dayanıklı pelerin;морозостійкий плащ;防寒披风;防寒披風
seasons_status_summer_heat_armor_open_armor;open armor;открытая броня;offene Rüstung;armadura abierta;otevřená zbroj;open pantser;armure ouverte;開放型防具;열린 갑옷;otwarty pancerz;armadura aberta;açık zırh;відкрита броня;开放护甲;開放護甲
seasons_status_summer_heat_armor_closed_armor;closed armor;закрытая броня;geschlossene Rüstung;armadura cerrada;uzavřená zbroj;gesloten pantser;armure fermée;密閉型防具;닫힌 갑옷;zamknięty pancerz;armadura fechada;kapalı zırh;закрита броня;封闭护甲;封閉護甲
seasons_status_summer_heat_armor_cold_armor;frost-resistant armor;морозостойкая броня;frostbeständige Rüstung;armadura contra frío;mrazuvzdorná zbroj;vorstbestendig pantser;armure résistante au froid;耐寒防具;방한 갑옷;mrozoodporny pancerz;armadura contra frio;soğuğa dayanıklı zırh;морозостійка броня;防寒护甲;防寒護甲
